<?xml version="1.0" encoding="UTF-8"?>
<beans xmlns="http://www.springframework.org/schema/beans" 
    xmlns:xsi="http://www.w3.org/2001/XMLSchema-instance"
	xmlns:tx="http://www.springframework.org/schema/tx" 
	xmlns:jpa="http://www.springframework.org/schema/data/jpa"
	xmlns:rabbit="http://www.springframework.org/schema/rabbit"
	xmlns:context="http://www.springframework.org/schema/context"
	xmlns:batch="http://www.springframework.org/schema/batch"
	xsi:schemaLocation=
	   "http://www.springframework.org/schema/beans 
		http://www.springframework.org/schema/beans/spring-beans.xsd
		http://www.springframework.org/schema/data/jpa 
		http://www.springframework.org/schema/data/jpa/spring-jpa.xsd
		http://www.springframework.org/schema/tx 
		http://www.springframework.org/schema/tx/spring-tx.xsd
		http://www.springframework.org/schema/context 
	    http://www.springframework.org/schema/context/spring-context.xsd
	    http://www.springframework.org/schema/batch 
	    http://www.springframework.org/schema/batch/spring-batch.xsd
	    http://www.springframework.org/schema/rabbit
        http://www.springframework.org/schema/rabbit/spring-rabbit.xsd">


   <rabbit:connection-factory id="connectionfactory" 
							 host="10.143.117.204" 
							 port="5672" 
							 username="guest"
							 password="guest"
							 virtual-host="/"/>
							 
   <rabbit:admin connection-factory="connectionfactory"/>

   <rabbit:queue id="rpcQueue" name="rpcQueue" durable="true" auto-delete="false" exclusive="false"/>

    <rabbit:direct-exchange name="rpcExchange" durable="true" auto-delete="false">
        <rabbit:bindings>
            <rabbit:binding queue="rpcQueue" key="rpcKey"></rabbit:binding>
        </rabbit:bindings>
    </rabbit:direct-exchange>

    <bean id='RPCSendToServer' class="org.springframework.amqp.remoting.client.AmqpProxyFactoryBean">
        <property name="serviceInterface" value="com.zyl.jpa.batch.rpc.BatchService"></property>
        <property name="amqpTemplate" ref="RPCAmqpTemplate" />
    </bean>
    
    <rabbit:template id="RPCAmqpTemplate"   routing-key="rpcKey" connection-factory="connectionfactory" exchange="rpcExchange" reply-timeout="30000000">
    </rabbit:template>

</beans>
